url,host,kind,hits,found_via,scheme_added,review
https://2025.state.gov/humantrafficking-about-human-trafficking,2025.state.gov,article,1,ooxml_bare_domain,yes,yes
https://affairs.ec.europa.eu/whats-new/publications/manual-responses-returning-foreign-terrorist-fighters-and-their-families-2nd-edition-2022_en,affairs.ec.europa.eu,article,2,ooxml_bare_domain,yes,yes
https://axcrypt.net/blog/5-reasons-why-encryption-is-important-for-small-businesses?srsltid=AfmBOooQ0TJlYZeYCRccktoCdqLXb-Pz2ZpSsRdYz1lEW1B-oQEnHTLV,axcrypt.net,article,1,ooxml_bare_domain,yes,yes
https://www.amnesty.org/en/documents/afr65/3577/2021/en/,www.amnesty.org,homepage,2,ooxml_hyperlink,,yes
https://www.amnesty.org/en/documents/eur70/8813/2024/en/,www.amnesty.org,homepage,2,ooxml_hyperlink,,yes
https://www.hrw.org/news/2024/02/01/spyware-targets-human-rights-watch-staff-jordan,www.hrw.org,homepage,2,ooxml_hyperlink,,yes
https://thefulcrum.us/civic-engagement-education/threat-to-democracy,thefulcrum.us,article,1,ooxml_bare_domain,yes,yes
https://tinyurl.com/eur8r2cu,tinyurl.com,shortener,3,ooxml_hyperlink|ooxml_text,,yes
https://walsh.medium.com/why-lawful-access-for-encrypted-communications-is-just-a-back-door-with-better-pr-7d794835b7e4,walsh.medium.com,article,1,ooxml_bare_domain,yes,yes
https://website-prod.s3.amazonaws.com/s3fs-public/publication/170221_Lewis_EncryptionsEffect_Web.pdf,website-prod.s3.amazonaws.com,document,1,ooxml_bare_domain,yes,yes
https://www.cryptopolitan.com/u-s-stocks-hits-all-time-high,www.cryptopolitan.com,article,1,ooxml_bare_domain,yes,yes
https://www.fbi.gov/how-we-investigate/lawful-access/lawful-access-myths-vs-reality,www.fbi.gov,article,1,ooxml_bare_domain,yes,yes
https://www.grandviewresearch.com/horizon/outlook/digital-media-market/united-states,www.grandviewresearch.com,article,2,ooxml_bare_domain,yes,yes
https://www.hsdl.org/?view=&did=795726,www.hsdl.org,homepage,2,ooxml_hyperlink,,yes
http://www.michaeldantonio.net/,www.michaeldantonio.net,homepage,3,ooxml_hyperlink|ooxml_text,,yes
https://www.mimecast.com/content/ransomware-statistics,www.mimecast.com,article,1,ooxml_bare_domain,yes,yes
https://www.missingkids.org/blog/2025/ncmec-releases-new-data-2024-in-numbers,www.missingkids.org,article,1,ooxml_bare_domain,yes,yes
https://www.politico.eu/article/police-ghost-encryption-app-drug-lords-mafia-europol,www.politico.eu,article,1,ooxml_bare_domain,yes,yes
https://www.progressivepolicy.org/wp-content/uploads/2024/03/PPI-Encryption-Final.pdf,www.progressivepolicy.org,document,1,ooxml_bare_domain,yes,yes
https://www.safeaustin.org/online-safety-for-children-and-teens-sex-trafficking-recruitment?scrlybrkr=58e5c7c7,www.safeaustin.org,article,1,ooxml_bare_domain,yes,yes
https://www.uschamber.com/small-business/small-business-data-center,www.uschamber.com,article,2,ooxml_bare_domain,yes,yes
https://www.vectra.ai/topics/backdoor,www.vectra.ai,article,2,ooxml_bare_domain,yes,yes
https://2021-2025.state.gov/humantrafficking-about-human-trafficking,2021-2025.state.gov,article,3,ooxml_hyperlink|ooxml_text,,
https://80000hours.org/problem-profiles/great-power-conflict,80000hours.org,article,3,ooxml_hyperlink|ooxml_text,,
https://abcnews.go.com/US/criminals-encryption-avoid-law-fbi-teams-unexpected-partner/story?id=113619427,abcnews.go.com,article,6,ooxml_hyperlink|ooxml_text,,
https://apnews.com/article/austria-islamic-extremism-arrest-attack-vienna-6f78b5948df8dd1f42d1217b139a3cfb,apnews.com,article,6,ooxml_hyperlink|ooxml_text,,
https://apnews.com/article/kerman-us-warning-isisk-bombings-bcb47f04165b3eb7b9bc7b4868c8399c,apnews.com,article,12,ooxml_hyperlink|ooxml_text,,
https://archive.is/0Cuz3,archive.is,article,6,ooxml_hyperlink|ooxml_text,,
https://archive.ph/1iC7U,archive.ph,article,3,ooxml_hyperlink|ooxml_text,,
https://archive.ph/JdcJx,archive.ph,article,3,ooxml_hyperlink|ooxml_text,,
https://archive.ph/o/Mxr0j/https:/www.justice.gov/opa/pr/justice-department-monitor-polling-sites-california-new-jersey,archive.ph,article,6,ooxml_hyperlink|ooxml_text,,
https://archive.ph/o/Mxr0j/https:/www.law.cornell.edu/uscode/text/18/592,archive.ph,article,3,ooxml_hyperlink|ooxml_text,,
https://archive.ph/o/Mxr0j/https:/www.newsobserver.com/news/politics-government/article292178800.html,archive.ph,article,3,ooxml_hyperlink|ooxml_text,,
https://archive.ph/o/Mxr0j/https:/www.theatlantic.com/magazine/archive/2024/07/phoenix-climate-drought-republican-politics/678494,archive.ph,article,3,ooxml_hyperlink|ooxml_text,,
https://archives.fbi.gov/archives/news/testimony/going-dark-encryption-technology-and-the-balances-between-public-safety-and-privacy,archives.fbi.gov,article,3,ooxml_hyperlink|ooxml_text,,
http://axcrypt.net/blog/5-reasons-why-encryption-is-important-for-small-businesses?srsltid=AfmBOooQ0TJlYZeYCRccktoCdqLXb-Pz2ZpSsRdYz1lEW1B-oQEnHTLV,axcrypt.net,article,3,ooxml_hyperlink|ooxml_text,,
https://axcrypt.net/information/regulatory-compliance/gdpr,axcrypt.net,article,3,ooxml_hyperlink|ooxml_text,,
https://bmgresearch.com/news/with-a-record-35-vote-share-reform-are-upending-british-politics,bmgresearch.com,article,3,ooxml_hyperlink|ooxml_text,,
https://brilliancesecuritymagazine.com/cybersecurity/enhancing-customer-trust-through-security-measures,brilliancesecuritymagazine.com,article,3,ooxml_hyperlink|ooxml_text,,
https://carnegieendowment.org/research/2025/08/us-democratic-backsliding-in-comparative-perspective?lang=en,carnegieendowment.org,article,3,ooxml_hyperlink|ooxml_text,,
https://cepa.org/article/encryption-backdoors-from-child-safety-to-houthis,cepa.org,article,3,ooxml_hyperlink|ooxml_text,,
https://cepa.org/comprehensive-reports/encryption-its-not-about-good-and-bad-guys-its-about-all-of-us,cepa.org,article,63,ooxml_hyperlink|ooxml_text,,
https://chieforganizer.org/2025/08/27/america-is-normalizing-global-assaults-on-democracy,chieforganizer.org,article,3,ooxml_hyperlink|ooxml_text,,
https://commonslibrary.parliament.uk/research-briefings/cbp-9613,commonslibrary.parliament.uk,article,6,ooxml_hyperlink|ooxml_text,,
https://connectsafely.org/encryption-is-a-preventative-tool-that-protects-children,connectsafely.org,article,3,ooxml_hyperlink|ooxml_text,,
https://csis-website-prod.s3.amazonaws.com/s3fs-public/publication/170221_Lewis_EncryptionsEffect_Web.pdf,csis-website-prod.s3.amazonaws.com,document,3,ooxml_hyperlink|ooxml_text,,
https://csrc.nist.gov/publications/detail/sp/800-57,csrc.nist.gov,article,3,ooxml_hyperlink|ooxml_text,,
https://ctc.westpoint.edu/banning-encryption-to-stop-terrorists-a-worse-than-futile-exercise,ctc.westpoint.edu,article,9,ooxml_hyperlink|ooxml_text,,
https://ctc.westpoint.edu/how-terrorists-use-encryption,ctc.westpoint.edu,article,6,ooxml_hyperlink|ooxml_text,,
https://ctc.westpoint.edu/islamic-state-africa-estimating-fighter-numbers-cells-across-continent,ctc.westpoint.edu,article,6,ooxml_hyperlink|ooxml_text,,
https://ctc.westpoint.edu/the-evolution-of-the-islamist-terror-threat-landscape-in-germany-since-2020,ctc.westpoint.edu,article,6,ooxml_hyperlink|ooxml_text,,
https://ctc.westpoint.edu/the-general-directorate-of-provinces-managing-the-islamic-states-global-network,ctc.westpoint.edu,article,6,ooxml_hyperlink|ooxml_text,,
https://cyber.army.mil/News/Article/1342158/banning-encryption-to-stop-terrorists-a-worse-than-futile-exercise,cyber.army.mil,article,3,ooxml_hyperlink|ooxml_text,,
https://cyberlaw.stanford.edu/blog/2020/06/theres-now-even-worse-anti-encryption-bill-earn-it-doesnt-make-earn-it-bill-ok,cyberlaw.stanford.edu,article,6,ooxml_hyperlink|ooxml_text,,
https://cyberlaw.stanford.edu/blog/2025/05/governments-continue-losing-efforts-to-gain-back,cyberlaw.stanford.edu,article,3,ooxml_hyperlink|ooxml_text,,
https://cyberlaw.stanford.edu/blog/2025/05/governments-continue-losing-efforts-to-gain-backdoor-access-to-secure-communications,cyberlaw.stanford.edu,article,3,ooxml_hyperlink|ooxml_text,,
https://cybermagazine.com/cyber-security/what-is-qusecures-end-to-end-post-quantum-solution,cybermagazine.com,article,3,ooxml_hyperlink|ooxml_text,,
https://cybersecurityventures.com/global-ransomware-damage-costs-predicted-to-reach-250-billion-usd-by-2031,cybersecurityventures.com,article,3,ooxml_hyperlink|ooxml_text,,
https://cybersecurityventures.com/hackerpocalypse-cybercrime-report-2016,cybersecurityventures.com,article,3,ooxml_hyperlink|ooxml_text,,
https://d3nkl3psvxxpe9.cloudfront.net/documents/Privacy_and_Govt__Surveillance_poll_results.pdf,d3nkl3psvxxpe9.cloudfront.net,document,18,ooxml_hyperlink|ooxml_text,,
https://d3nkl3psvxxpe9.cloudfront.net/documents/tabs_YG_Security_vs_Liberty_20170328.pdf,d3nkl3psvxxpe9.cloudfront.net,document,9,ooxml_hyperlink|ooxml_text,,
https://dainachiba.github.io/research/make2dem/Make2Dem.pdf,dainachiba.github.io,document,1,ooxml_text,,
https://dainachiba.github.io/research/make2dem/Make2Dem.pdf),dainachiba.github.io,article,2,ooxml_hyperlink,,
https://deathpenaltyinfo.org/report-black-people-7-5-times-more-likely-to-be-wrongfully-convicted-of-murder-than-whites-risk-even-greater-if-victim-was-white,deathpenaltyinfo.org,article,3,ooxml_hyperlink|ooxml_text,,
http://dedis.cs.yale.edu/dissent/papers/randomness.pdf,dedis.cs.yale.edu,document,3,ooxml_hyperlink|ooxml_text,,
https://digitallibrary.un.org/record/4055363?ln=en,digitallibrary.un.org,article,6,ooxml_hyperlink|ooxml_text,,
https://digitallibrary.un.org/record/4076001?ln=en,digitallibrary.un.org,article,12,ooxml_hyperlink|ooxml_text,,
https://digitallibrary.un.org/record/4076001?ln=en&v=pdf,digitallibrary.un.org,article,4,ooxml_hyperlink,,
https://dl.acm.org/doi/10.1145/3243734.3243758,dl.acm.org,article,3,ooxml_hyperlink|ooxml_text,,
https://dl.acm.org/doi/fullHtml/10.1145/3649476.3660373,dl.acm.org,article,3,ooxml_hyperlink|ooxml_text,,
https://docs.google.com/document/d/1EpYFnLLnmf8CZFqMIBHMTL3-i9kWTTsR-YKdI7G9zpc/edit?tab=t.0,docs.google.com,article,3,ooxml_hyperlink|ooxml_text,,
https://docs.google.com/document/d/1ukqtqSuvlZr0QGgdV-Kv6_enX5jRg_WlHu_UKMMhvvA/edit?usp=sharing,docs.google.com,article,3,ooxml_hyperlink|ooxml_text,,
https://docs.un.org/en/S/2023/549,docs.un.org,article,6,ooxml_hyperlink|ooxml_text,,
https://documents1.worldbank.org/curated/pt/168041468761746890/pdf/multi0page.pdf,documents1.worldbank.org,document,3,ooxml_hyperlink|ooxml_text,,
https://doi.org/10.1016/j.cose.2025.104606,doi.org,article,3,ooxml_hyperlink|ooxml_text,,
https://doi.org/10.1093/cybsec/tyv009,doi.org,article,3,ooxml_hyperlink|ooxml_text,,
https://doi.org/10.1145/3243734.3243758,doi.org,article,3,ooxml_hyperlink|ooxml_text,,
https://doi.org/10.1177/20539517231221736,doi.org,article,3,ooxml_hyperlink|ooxml_text,,
https://doi.org/10.1177/2329496520919165,doi.org,article,3,ooxml_hyperlink|ooxml_text,,
https://doi.org/10.35998/fw-2022-0012,doi.org,article,3,ooxml_hyperlink|ooxml_text,,
https://drive.google.com/file/d/1eCgLvxqSXKqqEoCuOIUKHQRvaE9UgsRw/view?usp=sharing,drive.google.com,article,3,ooxml_hyperlink|ooxml_text,,
https://edition.cnn.com/2024/08/29/politics/taylor-swift-concert-plot-cia-us-intelligence/index.html,edition.cnn.com,article,6,ooxml_hyperlink|ooxml_text,,
https://en.wikipedia.org/wiki/Modern_liberalism_in_the_United_States,en.wikipedia.org,article,6,ooxml_hyperlink|ooxml_text,,
https://en.wikipedia.org/wiki/Public_policy,en.wikipedia.org,article,6,ooxml_hyperlink|ooxml_text,,
https://en.wikipedia.org/wiki/Think_tank,en.wikipedia.org,article,6,ooxml_hyperlink|ooxml_text,,
https://english.elpais.com/international/2025-11-19/mexico-pushes-back-against-trumps-insistence-on-military-intervention.html,english.elpais.com,article,6,ooxml_hyperlink|ooxml_text,,
https://finance.yahoo.com/news/ai-pushes-quantum-q-day-182514935.html,finance.yahoo.com,article,3,ooxml_hyperlink|ooxml_text,,
http://foreignpolicy.com/2015/12/08/welcome-to-the-future-of-war-isis-has-a-smartphone-app,foreignpolicy.com,article,3,ooxml_hyperlink|ooxml_text,,
https://foreignpolicy.com/2010/09/10/this-week-at-war-if-mexico-is-at-war-does-america-have-to-win-it,foreignpolicy.com,article,3,ooxml_hyperlink|ooxml_text,,
https://foreignpolicy.com/2022/01/07/climate-change-democracy,foreignpolicy.com,article,3,ooxml_hyperlink|ooxml_text,,
https://gateway.pinata.cloud/ipfs/bafykbzacedrn4q2xjan75u6eg34uevsoou4jfgacjqdvixdn4fgk3txxfrhoy,gateway.pinata.cloud,article,3,ooxml_hyperlink|ooxml_text,,
https://globalinitiative.net/analysis/cyber-tech-organized-crime,globalinitiative.net,article,3,ooxml_hyperlink|ooxml_text,,
https://hai.stanford.edu/people/riana-pfefferkorn,hai.stanford.edu,article,12,ooxml_hyperlink|ooxml_text,,
https://heinonline.org/HOL/Page?handle=hein.journals%2Fmaine66&div=24&collection=journals,heinonline.org,article,4,ooxml_hyperlink,,
https://home-affairs.ec.europa.eu/whats-new/publications/manual-responses-returning-foreign-terrorist-fighters-and-their-families-2nd-edition-2022_en,home-affairs.ec.europa.eu,article,6,ooxml_hyperlink|ooxml_text,,
https://icct.nl/publication/islamic-state-2025-evolving-threat-facing-waning-global-response,icct.nl,article,6,ooxml_hyperlink|ooxml_text,,
https://icct.nl/sites/default/files/2023-01/Handbook_Schmid_2020.pdf,icct.nl,document,3,ooxml_hyperlink|ooxml_text,,
https://ijoc.org/index.php/ijoc/article/view/5524/1939,ijoc.org,article,9,ooxml_hyperlink|ooxml_text,,
https://ilj.law.indiana.edu/articles/11-Vagle.pdf,ilj.law.indiana.edu,document,3,ooxml_hyperlink|ooxml_text,,
https://impakter.com/u-s-economy-enters-q4-2025-signs-of-stability-despite-global-uncertainty,impakter.com,article,6,ooxml_hyperlink|ooxml_text,,
https://internationalviewpoint.org/spip.php?article9203=,internationalviewpoint.org,article,3,ooxml_hyperlink|ooxml_text,,
https://itdaily.com/news/security/malware-over-encrypted-connections,itdaily.com,article,3,ooxml_hyperlink|ooxml_text,,
https://john1912.substack.com/p/lets-stop-calling-it-a-back-door,john1912.substack.com,article,6,ooxml_hyperlink|ooxml_text,,
https://journaljerr.com/index.php/JERR/article/view/1538/3367,journaljerr.com,article,3,ooxml_hyperlink|ooxml_text,,
https://journals.sagepub.com/doi/10.1177/20539517231221736,journals.sagepub.com,article,3,ooxml_hyperlink|ooxml_text,,
https://lakesareagroup-focusfinancial.com/insights/the-economic-impact-of-cybersecurity-breaches,lakesareagroup-focusfinancial.com,article,6,ooxml_hyperlink|ooxml_text,,
https://library.oapen.org/bitstream/handle/20.500.12657/52393/978-3-030-90221-6.pdf?sequence=1,library.oapen.org,document,3,ooxml_hyperlink|ooxml_text,,
https://lifelinedatacenters.com/data-center/hackers-use-encryption,lifelinedatacenters.com,article,3,ooxml_hyperlink|ooxml_text,,
https://link.springer.com/article/10.1186/s40163-023-00185-4,link.springer.com,article,3,ooxml_hyperlink|ooxml_text,,
https://mindmatters.ai/2022/03/robert-j-marks-zeroing-in-on-what-ai-can-and-cant-do,mindmatters.ai,article,3,ooxml_hyperlink|ooxml_text,,
https://nebraskaexaminer.com/2024/03/28/warrant-proof-encrypted-devices-hinder-law-enforcement,nebraskaexaminer.com,article,6,ooxml_hyperlink|ooxml_text,,
https://news.colby.edu/story/reporters-targeted-by-doj-receive-colbys-lovejoy-award-for-courage-in-journalism,news.colby.edu,article,3,ooxml_hyperlink|ooxml_text,,
https://news.usc.edu/27941/Great-Recession-Did-Not-Cause-Surge-in-Poverty,news.usc.edu,article,7,ooxml_hyperlink|ooxml_text,,
https://oag.ca.gov/privacy/ccpa,oag.ca.gov,article,3,ooxml_hyperlink|ooxml_text,,
https://paperclip.com/balancing-lawful-access-and-uncompromised-encryption-paperclip-safe,paperclip.com,article,3,ooxml_hyperlink|ooxml_text,,
https://paul-walsh.medium.com/why-lawful-access-for-encrypted-communications-is-just-a-back-door-with-better-pr-7d794835b7e4,paul-walsh.medium.com,article,3,ooxml_hyperlink|ooxml_text,,
https://picum.org/blog/data-encryption-why-its-vital-for-migrants-and-their-defenders,picum.org,article,3,ooxml_hyperlink|ooxml_text,,
https://sanctionssearch.ofac.treas.gov/Details.aspx?id=43636,sanctionssearch.ofac.treas.gov,article,6,ooxml_hyperlink|ooxml_text,,
https://scholarlycommons.law.wlu.edu/wlulr/vol72/iss3/12,scholarlycommons.law.wlu.edu,article,6,ooxml_hyperlink|ooxml_text,,
https://scholarship.law.ufl.edu/cgi/viewcontent.cgi?article=1508&context=jlpp,scholarship.law.ufl.edu,article,4,ooxml_hyperlink,,
https://scholarship.law.wm.edu/cgi/viewcontent.cgi?article=1837&context=wmborj,scholarship.law.wm.edu,article,8,ooxml_hyperlink,,
https://securityaffairs.com/24978/cyber-crime/al-qaeda-encryption-tools.html,securityaffairs.com,article,3,ooxml_hyperlink|ooxml_text,,
https://sgp.fas.org/crs/misc/IF11769.pdf,sgp.fas.org,document,3,ooxml_hyperlink|ooxml_text,,
https://sites.saumag.edu/danaleighton/wp-content/uploads/sites/11/2015/09/SVintro-2.pdf,sites.saumag.edu,document,3,ooxml_hyperlink|ooxml_text,,
https://techagainstterrorism.org/news/2023/01/11/terrorist-use-of-end-to-end-encryption-insights-from-a-year-of-multi-stakeholder-discussion,techagainstterrorism.org,article,1,ooxml_text,,
https://techagainstterrorism.org/news/2023/01/11/terrorist-use-of-end-to-end-encryption-insights-from-a-year-of-multi-stakeholder-discussion.]//sag,techagainstterrorism.org,article,2,ooxml_hyperlink,,
https://techcrunch.com/2024/10/07/the-30-year-old-internet-backdoor-law-that-came-back-to-bite,techcrunch.com,article,3,ooxml_hyperlink|ooxml_text,,
https://techcrunch.com/2025/02/15/what-is-an-encryption-backdoor,techcrunch.com,article,9,ooxml_hyperlink|ooxml_text,,
https://theexodusroad.com/human-trafficking-survivor-health-effects,theexodusroad.com,article,3,ooxml_hyperlink|ooxml_text,,
https://thefreedomstory.org/on-poverty-and-how-it-contributes-to-trafficking,thefreedomstory.org,article,3,ooxml_hyperlink|ooxml_text,,
http://thefulcrum.us/civic-engagement-education/threat-to-democracy,thefulcrum.us,article,3,ooxml_hyperlink|ooxml_text,,
https://thesoufancenter.org/intelbrief-2025-february-21,thesoufancenter.org,article,6,ooxml_hyperlink|ooxml_text,,
https://today.yougov.com/health/articles/51527-what-americans-think-about-home-dna-tests-poll,today.yougov.com,article,9,ooxml_hyperlink|ooxml_text,,
https://today.yougov.com/politics/articles/50343-national-policy-proposals-with-bipartisan-support,today.yougov.com,article,9,ooxml_hyperlink|ooxml_text,,
https://today.yougov.com/politics/articles/52179-tracking-opinion-on-donald-trumps-second-term-policy-agenda,today.yougov.com,article,9,ooxml_hyperlink|ooxml_text,,
https://today.yougov.com/politics/articles/52425-what-americans-think-about-privacy-united-states-government-surveillance-in-2025-poll,today.yougov.com,article,9,ooxml_hyperlink|ooxml_text,,
https://today.yougov.com/technology/articles/36365-american-concern-smart-appliances,today.yougov.com,article,9,ooxml_hyperlink|ooxml_text,,
https://virginialawreview.org/wp-content/uploads/2024/03/BrowerMcCray_Book.pdf,virginialawreview.org,document,3,ooxml_hyperlink|ooxml_text,,
https://warontherocks.com/2024/07/a-globally-integrated-islamic-state,warontherocks.com,article,6,ooxml_hyperlink|ooxml_text,,
https://www.aei.org/technology-and-innovation/encryption-at-a-crossroads-can-we-keep-data-secure-without-sacrificing-safety,www.aei.org,article,3,ooxml_hyperlink|ooxml_text,,
https://www.afcea.org/signal-media/cyber-edge/fueling-cartels-cybercrime,www.afcea.org,article,3,ooxml_hyperlink|ooxml_text,,
https://www.airuniversity.af.edu/Portals/10/SSQ/documents/Volume-15_Issue-4/D-Kroenig.pdf,www.airuniversity.af.edu,document,3,ooxml_hyperlink|ooxml_text,,
https://www.aljazeera.com/news/2014/8/19/islamic-state-has-50000-fighters-in-syria,www.aljazeera.com,article,6,ooxml_hyperlink|ooxml_text,,
http://www.amazon.com/Americas-War-Greater-Middle-East-ebook/dp/B0174PRIY4,www.amazon.com,article,3,ooxml_hyperlink|ooxml_text,,
http://www.amazon.com/Doomed-Succeed-U-S-Israel-Relationship-Truman/dp/0374141460,www.amazon.com,article,3,ooxml_hyperlink|ooxml_text,,
http://www.amazon.com/Never-Enough-Donald-Pursuit-Success/dp/1250042380,www.amazon.com,article,3,ooxml_hyperlink|ooxml_text,,
http://www.amazon.com/Search-Bill-Clinton-Psychological-Biography/dp/031236976X,www.amazon.com,article,3,ooxml_hyperlink|ooxml_text,,
http://www.amazon.com/Sociopath-Next-Door-Martha-Stout/dp/0767915828,www.amazon.com,article,3,ooxml_hyperlink|ooxml_text,,
http://www.amazon.com/The-End-Greatness-America-President/dp/1137279001,www.amazon.com,article,3,ooxml_hyperlink|ooxml_text,,
http://www.amazon.com/The-Narcissist-You-Know-All-About-Me/dp/1476785686,www.amazon.com,article,3,ooxml_hyperlink|ooxml_text,,
https://www.american.edu/sis/centers/security-technology/encryption.cfm,www.american.edu,article,3,ooxml_hyperlink|ooxml_text,,
https://www.americanactionforum.org/print?url=https%3A%2F%2Fwww.americanactionforum.org%2Finsight%2Funintended-consequences-of-the-earn-it-act%2F,www.americanactionforum.org,article,6,ooxml_hyperlink|ooxml_text,,
https://www.amnesty.org/en/documents/act10/7245/2023/en,www.amnesty.org,article,6,ooxml_hyperlink|ooxml_text,,
https://www.amnesty.org/en/documents/afr65/3577/2021/en,www.amnesty.org,article,3,ooxml_hyperlink|ooxml_text,,
https://www.amnesty.org/en/documents/asa39/7955/2024/en,www.amnesty.org,article,3,ooxml_hyperlink|ooxml_text,,
https://www.amnesty.org/en/documents/pol40/3682/2016/en,www.amnesty.org,article,3,ooxml_hyperlink|ooxml_text,,
https://www.amnesty.org/en/latest/news/2022/03/the-pegasus-project-how-amnesty-tech-uncovered-the-spyware-scandal-new-video,www.amnesty.org,article,3,ooxml_hyperlink|ooxml_text,,
https://www.amnesty.org/en/latest/news/2025/02/uk-encryption-order-threatens-global-privacy-rights,www.amnesty.org,article,6,ooxml_hyperlink|ooxml_text,,
https://www.army.mil/article/279799/why_comsec_is_more_critical_than_ever_a_closer_look_at_the_hidden_battlefield_of_communications_security,www.army.mil,article,3,ooxml_hyperlink|ooxml_text,,
https://www.atlanticcouncil.org/blogs/new-atlanticist/us-intervention-against-mexican-cartels-carries-major-risks-heres-how-to-mitigate-them,www.atlanticcouncil.org,article,3,ooxml_hyperlink|ooxml_text,,
https://www.bbc.com/news/technology-41385619,www.bbc.com,article,3,ooxml_hyperlink|ooxml_text,,
https://www.bbc.com/news/world-europe-68645755,www.bbc.com,article,12,ooxml_hyperlink|ooxml_text,,
https://www.bestlawhb.com/can-a-warrant-be-issued-without-evidence,www.bestlawhb.com,article,9,ooxml_hyperlink|ooxml_text,,
https://www.bestlawhb.com/chattanooga-warrant-lawyers,www.bestlawhb.com,article,9,ooxml_hyperlink|ooxml_text,,
https://www.bleepingcomputer.com/news/security/police-seize-matrix-encrypted-chat-service-after-spying-on-criminals,www.bleepingcomputer.com,article,3,ooxml_hyperlink|ooxml_text,,
https://www.bmi.gv.at/news.aspx?id=56656943686A57704749383D,www.bmi.gv.at,article,6,ooxml_hyperlink|ooxml_text,,
https://www.brennancenter.org/our-work/analysis-opinion/police-social-media-monitoring-chills-activism,www.brennancenter.org,article,3,ooxml_hyperlink|ooxml_text,,
https://www.brennancenter.org/our-work/policy-solutions/fourth-amendment-digital-age,www.brennancenter.org,article,3,ooxml_hyperlink|ooxml_text,,
https://www.brookings.edu/articles/lawful-hacking-and-the-case-for-a-strategic-approach-to-going-dark,www.brookings.edu,article,6,ooxml_hyperlink|ooxml_text,,
https://www.brookings.edu/articles/the-wicked-problem-of-drug-trafficking-in-the-western-hemisphere,www.brookings.edu,article,3,ooxml_hyperlink|ooxml_text,,
https://www.bulletproof.co.uk/blog/how-hackers-hide,www.bulletproof.co.uk,article,3,ooxml_hyperlink|ooxml_text,,
https://www.cato.org/commentary/fbis-anti-encryption-campaign,www.cato.org,article,3,ooxml_hyperlink|ooxml_text,,
https://www.cbs8.com/article/news/national/capitol-riots/proud-boys-member/65-3199a65f-f683-43c1-a023-a2de8c941209,www.cbs8.com,article,3,ooxml_hyperlink|ooxml_text,,
https://www.cbsnews.com/news/proud-boys-capitol-riot-coordination-indictment,www.cbsnews.com,article,3,ooxml_hyperlink|ooxml_text,,
https://www.cdc.gov/nchs/pressroom/releases/20250514.html,www.cdc.gov,article,3,ooxml_hyperlink|ooxml_text,,
https://www.ceeol.com/search/article-detail?id=1087714,www.ceeol.com,article,3,ooxml_hyperlink|ooxml_text,,
https://www.cisa.gov/sites/default/files/2025-01/joint-guidance-enhanced-visibility-hardening-guide-for-comms-infrastructure-508c_0.pdf,www.cisa.gov,document,9,ooxml_hyperlink|ooxml_text,,
https://www.cnn.com/2017/02/14/politics/isis-60000-fighters-killed/index.html,www.cnn.com,article,6,ooxml_hyperlink|ooxml_text,,
https://www.cnn.com/2025/08/18/americas/mexico-killings-sinaloa-cartel-kingpin-latam-intl,www.cnn.com,article,6,ooxml_hyperlink|ooxml_text,,
https://www.congress.gov/bill/116th-congress/senate-bill/4051?r=1&s=1,www.congress.gov,article,8,ooxml_hyperlink,,
https://www.counterterrorismgroup.com/post/the-use-of-encrypted-communications-by-criminals,www.counterterrorismgroup.com,article,3,ooxml_hyperlink|ooxml_text,,
http://www.cryptopolitan.com/u-s-stocks-hits-all-time-high,www.cryptopolitan.com,article,3,ooxml_hyperlink|ooxml_text,,
https://www.cs.yale.edu/homes/jf/ijaz2021.pdf,www.cs.yale.edu,document,9,ooxml_hyperlink|ooxml_text,,
https://www.cs.yale.edu/homes/jf/ijaz2021.pdf%2010/2/2025,www.cs.yale.edu,article,21,ooxml_hyperlink|ooxml_text,,
https://www.csis.org/analysis/maximum-impact-assessing-effectiveness-state-departments-bureau-counterterrorism-and,www.csis.org,article,6,ooxml_hyperlink|ooxml_text,,
https://www.cyberdefensemagazine.com/the-true-cost-of-cybercrime-why-global-damages-could-reach-1-2-1-5-trillion-by-end-of-year-2025,www.cyberdefensemagazine.com,article,3,ooxml_hyperlink|ooxml_text,,
https://www.dea.gov/press-releases/2023/05/05/dea-operation-last-mile-tracks-down-sinaloa-and-jalisco-cartel-associates,www.dea.gov,article,3,ooxml_hyperlink|ooxml_text,,
https://www.dea.gov/sites/default/files/2021-12/OPCK_2.0_Emoji%20Codes-Poster.pdf,www.dea.gov,document,3,ooxml_hyperlink|ooxml_text,,
https://www.defense.gov/News/News-Stories/Article/Article/3741245/kabul-airport-attack-review-reaffirms-initial-findings-identifies-attacker,www.defense.gov,article,6,ooxml_hyperlink|ooxml_text,,
https://www.derstandard.at/consent/tcf/story/3000000241771/zwei-jahre-haft-fuer-14-jaehrige-wegen-terrorverdachts,www.derstandard.at,article,6,ooxml_hyperlink|ooxml_text,,
https://www.dni.gov/files/ODNI/documents/assessments/ATA-2025-Unclassified-Report.pdf,www.dni.gov,document,6,ooxml_hyperlink|ooxml_text,,
https://www.docdroid.net/IHiIrMA/oll20597-pdf,www.docdroid.net,article,12,ooxml_hyperlink|ooxml_text,,
https://www.dodig.mil/Reports/Lead-Inspector-General-Reports/Article/4171087/operation-inherent-resolve-oir,www.dodig.mil,article,6,ooxml_hyperlink|ooxml_text,,
https://www.dw.com/en/germany-development-aid-cuts-defense-spending-donald-trump/a-73093270,www.dw.com,article,6,ooxml_hyperlink|ooxml_text,,
https://www.dwt.com/blogs/privacy--security-law-blog/2019/11/the-battle-over-encryption,www.dwt.com,article,12,ooxml_hyperlink|ooxml_text,,
https://www.eff.org/about/staff/thorin-klosowski-0,www.eff.org,article,3,ooxml_hyperlink|ooxml_text,,
https://www.eff.org/deeplinks/2020/06/senates-new-anti-encryption-bill-even-worse-earn-it-and-thats-saying-something,www.eff.org,article,12,ooxml_hyperlink|ooxml_text,,
https://www.eff.org/deeplinks/2024/10/salt-typhoon-hack-shows-theres-no-security-backdoor-thats-only-good-guys,www.eff.org,article,4,ooxml_hyperlink|ooxml_text,,
https://www.eff.org/deeplinks/2025/06/oppose-stop-csam-protecting-kids-shouldnt-mean-breaking-tools-keep-us-safe,www.eff.org,article,6,ooxml_hyperlink|ooxml_text,,
https://www.eff.org/deeplinks/2025/09/chat-control-back-menu-eu-it-still-must-be-stopped-0,www.eff.org,article,3,ooxml_hyperlink|ooxml_text,,
https://www.eff.org/deeplinks/2025/10/uk-still-trying-backdoor-encryption-apple-users,www.eff.org,article,3,ooxml_hyperlink|ooxml_text,,
https://www.eff.org/wp/patterns-misconduct-fbi-intelligence-violations,www.eff.org,article,3,ooxml_hyperlink|ooxml_text,,
https://www.efsas.org/publications/articles-by-efsas/(mis,www.efsas.org,article,1,ooxml_text,,
https://www.efsas.org/publications/articles-by-efsas/(mis)shaping-the-future-of-security-how-encryptio,www.efsas.org,article,2,ooxml_hyperlink,,
https://www.elliptic.co/blog/how-terrorist-organizations-are-exploiting-crypto-to-raise-funds-and-evade-detection,www.elliptic.co,article,6,ooxml_hyperlink|ooxml_text,,
https://www.europarl.europa.eu/RegData/etudes/BRIE/2020/659360/EPRS_BRI(2020,www.europarl.europa.eu,article,1,ooxml_text,,
https://www.europarl.europa.eu/RegData/etudes/BRIE/2020/659360/EPRS_BRI(2020)659360_EN.pdf,www.europarl.europa.eu,document,2,ooxml_hyperlink,,
https://www.europol.europa.eu/iocta/2016/convergence.html,www.europol.europa.eu,article,3,ooxml_hyperlink|ooxml_text,,
https://www.europol.europa.eu/media-press/newsroom/news/dismantling-encrypted-criminal-encrochat-communications-leads-to-over-6-500-arrests-and-close-to-eur-900-million-seized,www.europol.europa.eu,article,3,ooxml_hyperlink|ooxml_text,,
https://www.europol.europa.eu/media-press/newsroom/news/europol-conference-warns-cybercrime-fight-hinges-access-to-data,www.europol.europa.eu,article,9,ooxml_hyperlink|ooxml_text,,
https://www.europol.europa.eu/media-press/newsroom/news/international-operation-takes-down-another-encrypted-messaging-service-used-criminals,www.europol.europa.eu,article,3,ooxml_hyperlink|ooxml_text,,
http://www.fbi.gov/how-we-investigate/lawful-access/lawful-access-myths-vs-reality,www.fbi.gov,article,3,ooxml_hyperlink|ooxml_text,,
https://www.fbi.gov/how-we-investigate/lawful-access,www.fbi.gov,article,8,ooxml_hyperlink|ooxml_text,,
https://www.fcc.gov/calea,www.fcc.gov,article,3,ooxml_hyperlink|ooxml_text,,
https://www.forbes.com/councils/forbesbusinesscouncil/2025/04/11/cybersecurity-risks-of-encryption-backdoors-what-business-leaders-should-know,www.forbes.com,article,9,ooxml_hyperlink|ooxml_text,,
https://www.forbes.com/sites/garydrenik/2023/12/08/data-privacy-tops-concerns-for-americans--who-is-responsible-for-better-data-protections,www.forbes.com,article,3,ooxml_hyperlink|ooxml_text,,
https://www.forbes.com/sites/zakdoffman/2024/12/06/fbi-warns-iphone-and-android-users-stop-sending-texts,www.forbes.com,article,9,ooxml_hyperlink|ooxml_text,,
https://www.fortanix.com/company/pr/2023/12/lack-of-encryption-the-primary-reason-for-sensitive-data-loss,www.fortanix.com,article,9,ooxml_hyperlink|ooxml_text,,
https://www.fpri.org/article/2024/03/the-islamic-state-five-years-after-the-collapse-of-the-caliphate,www.fpri.org,article,6,ooxml_hyperlink|ooxml_text,,
https://www.ft.com/content/fe04c6ed-73f8-4e17-852b-ce16fd6c3515,www.ft.com,article,3,ooxml_hyperlink|ooxml_text,,
https://www.futuremarketinsights.com/reports/encryption-as-a-service-market,www.futuremarketinsights.com,article,3,ooxml_hyperlink|ooxml_text,,
https://www.getastra.com/blog/security-audit/small-business-cyber-attack-statistics,www.getastra.com,article,3,ooxml_hyperlink|ooxml_text,,
http://www.grandviewresearch.com/horizon/outlook/digital-media-market/united-states,www.grandviewresearch.com,article,6,ooxml_hyperlink|ooxml_text,,
https://www.homeaffairs.gov.au/about-us/our-portfolios/national-security/lawful-access-telecommunications/data-encryption,www.homeaffairs.gov.au,article,3,ooxml_hyperlink|ooxml_text,,
https://www.hrw.org/news/2017/06/26/perils-back-door-encryption-mandates,www.hrw.org,article,6,ooxml_hyperlink|ooxml_text,,
https://www.hrw.org/news/2022/12/08/greece-problematic-surveillance-bill,www.hrw.org,article,3,ooxml_hyperlink|ooxml_text,,
https://www.hrw.org/news/2023/02/21/middle-east-north-africa-digital-targeting-lgbt-people,www.hrw.org,article,3,ooxml_hyperlink|ooxml_text,,
https://www.hsgac.senate.gov/wp-content/uploads/Ligon-Testimony.pdf,www.hsgac.senate.gov,document,6,ooxml_hyperlink|ooxml_text,,
https://www.ibm.com/reports/data-breach,www.ibm.com,article,9,ooxml_hyperlink|ooxml_text,,
https://www.internetsociety.org/blog/2020/12/how-strong-encryption-can-protect-survivors-of-domestic-violence,www.internetsociety.org,article,3,ooxml_hyperlink|ooxml_text,,
https://www.internetsociety.org/blog/2023/05/encryption-keeps-kids-safe-online,www.internetsociety.org,article,6,ooxml_hyperlink|ooxml_text,,
https://www.isms.online/data-protection/encryption-in-crisis-uk-businesses-face-security-shake-up-under-proposed-investigatory-powers-act-reform,www.isms.online,article,6,ooxml_hyperlink|ooxml_text,,
https://www.jstor.org/stable/27044234,www.jstor.org,article,3,ooxml_hyperlink|ooxml_text,,
https://www.jstor.org/stable/pdf/3810390.pdf?casa_token=4vyrjE_cY3QAAAAA%3AF3mWU09OdVVH2knnxAy1iMeWTJwFKKf9Hc9EU,www.jstor.org,document,3,ooxml_hyperlink|ooxml_text,,
https://www.judiciary.senate.gov/press/rep/releases/graham-cotton-blackburn-introduce-balanced-solution-to-bolster-national-security-end-use-of-warrant-proof-encryption-that-shields-criminal-activity,www.judiciary.senate.gov,article,12,ooxml_hyperlink|ooxml_text,,
https://www.jurist.org/news/2022/09/us-national-registry-of-exonerations-reports-racial-disparities-among-wrongful-convictions,www.jurist.org,article,3,ooxml_hyperlink|ooxml_text,,
https://www.justice.gov/archives/doj/blog/pittsburgh-post-gazette-op-ed-facebook-encryption-could-endanger-victims,www.justice.gov,article,12,ooxml_hyperlink|ooxml_text,,
https://www.justice.gov/archives/opa/pr/four-defendants-charged-conspiring-provide-material-support-isis,www.justice.gov,article,3,ooxml_hyperlink|ooxml_text,,
https://www.justice.gov/archives/opa/pr/us-department-justice-disrupts-hive-ransomware-variant,www.justice.gov,article,3,ooxml_hyperlink|ooxml_text,,
https://www.justice.gov/archives/opa/speech/attorney-general-william-p-barr-delivers-keynote-address-international-conference-cyber,www.justice.gov,article,3,ooxml_hyperlink|ooxml_text,,
https://www.justice.gov/usao-sdca/pr/fbi-s-encrypted-phone-platform-infiltrated-hundreds-criminal-syndicates-result-massive,www.justice.gov,article,6,ooxml_hyperlink|ooxml_text,,
https://www.jwatch.org/na56040/2023/04/20/poverty-leading-cause-death-us,www.jwatch.org,article,6,ooxml_hyperlink|ooxml_text,,
https://www.latimes.com/opinion/story/2025-09-29/fourth-amendment-racial-profiling-noem-vasquez-perdomo,www.latimes.com,article,3,ooxml_hyperlink|ooxml_text,,
https://www.latintimes.com/ice-agents-are-now-authorized-use-spyware-access-phones-sensitive-data-immigration-cases-589388,www.latintimes.com,article,3,ooxml_hyperlink|ooxml_text,,
https://www.lawfaremedia.org/article/five-hard-encryption-questions,www.lawfaremedia.org,article,3,ooxml_hyperlink|ooxml_text,,
https://www.livescience.com/technology/computing/quantum-computing-will-make-cryptography-obsolete-but-computer-scientists-are-working-to-make-them-unhackable,www.livescience.com,article,3,ooxml_hyperlink|ooxml_text,,
https://www.manhattanda.org/wp-content/uploads/2019/10/2019-Report-on-Smartphone-Encryption-and-Public-Safety.pdf,www.manhattanda.org,document,6,ooxml_hyperlink|ooxml_text,,
https://www.mei.edu/publications/isis-ropes-syria-successful-transition-damascus-could-deliver-knockout-blow,www.mei.edu,article,6,ooxml_hyperlink|ooxml_text,,
https://www.milwaukeeindependent.com/explainers/magas-vision-second-civil-war-dangerously-misreads-americas-fragmented-political-geography,www.milwaukeeindependent.com,article,3,ooxml_hyperlink|ooxml_text,,
http://www.mimecast.com/content/ransomware-statistics,www.mimecast.com,article,3,ooxml_hyperlink|ooxml_text,,
http://www.missingkids.org/blog/2025/ncmec-releases-new-data-2024-in-numbers,www.missingkids.org,article,3,ooxml_hyperlink|ooxml_text,,
https://www.nbcnews.com/storyline/isis-terror/isis-has-app-could-they-build-encryption-tools-too-n471596,www.nbcnews.com,article,3,ooxml_hyperlink|ooxml_text,,
https://www.nbcnews.com/tech/security/child-exploitation-watchdog-says-meta-encryption-led-sharp-decrease-ti-rcna205548,www.nbcnews.com,article,3,ooxml_hyperlink|ooxml_text,,
https://www.nbcnews.com/tech/security/us-officials-urge-americans-use-encrypted-apps-cyberattack-rcna182694,www.nbcnews.com,article,3,ooxml_hyperlink|ooxml_text,,
https://www.nerdwallet.com/article/finance/state-of-the-economy,www.nerdwallet.com,article,3,ooxml_hyperlink|ooxml_text,,
https://www.newamerica.org/oti/blog/privacy-power-and-protection-why-weakening-encryption-hurts-women-and-gender-minorities,www.newamerica.org,article,3,ooxml_hyperlink|ooxml_text,,
https://www.npr.org/2020/02/21/805032627/trump-administration-targets-your-warrant-proof-encrypted-messages,www.npr.org,article,3,ooxml_hyperlink|ooxml_text,,
https://www.nytimes.com/2025/01/10/world/middleeast/isis-influence-new-orleans-attack.html,www.nytimes.com,article,6,ooxml_hyperlink|ooxml_text,,
https://www.nytimes.com/2025/05/01/world/middleeast/syria-sectarian-violence-100-killed.html,www.nytimes.com,article,6,ooxml_hyperlink|ooxml_text,,
https://www.ohchr.org/en/calls-for-input/report-encryption-anonymity-and-human-rights-framework,www.ohchr.org,article,3,ooxml_hyperlink|ooxml_text,,
https://www.ohchr.org/en/press-releases/2025/04/un-experts-urge-end-isil-related-arbitrary-detention-north-east-syria-and,www.ohchr.org,article,6,ooxml_hyperlink|ooxml_text,,
https://www.policechiefmagazine.org/digital-shadows-encryption,www.policechiefmagazine.org,article,3,ooxml_hyperlink|ooxml_text,,
https://www.politico.com/magazine/story/2016/03/donald-trump-2016-terrorist-attack-foreign-policy-213784,www.politico.com,article,3,ooxml_hyperlink|ooxml_text,,
https://www.politico.com/news/2024/11/25/top-counterterrorism-official-warns-of-isiss-rapid-rise-in-africa-00191571,www.politico.com,article,6,ooxml_hyperlink|ooxml_text,,
https://www.politico.com/news/2024/12/03/chinese-hack-global-telecom-ongoing-00192410,www.politico.com,article,3,ooxml_hyperlink|ooxml_text,,
https://www.politico.com/news/magazine/2025/09/19/american-democracy-resilience-00548910,www.politico.com,article,3,ooxml_hyperlink|ooxml_text,,
http://www.politico.eu/article/police-ghost-encryption-app-drug-lords-mafia-europol,www.politico.eu,article,3,ooxml_hyperlink|ooxml_text,,
https://www.politico.eu/article/the-last-refuge-of-the-criminal-encrypted-smartphones-data-privacy,www.politico.eu,article,3,ooxml_hyperlink|ooxml_text,,
https://www.privatebankerinternational.com/features/cybersecurity-becoming-a-larger-priority-for-insti,www.privatebankerinternational.com,article,6,ooxml_hyperlink|ooxml_text,,
http://www.progressivepolicy.org/wp-content/uploads/2024/03/PPI-Encryption-Final.pdf,www.progressivepolicy.org,document,3,ooxml_hyperlink|ooxml_text,,
https://www.recordedfuture.com/al-qaeda-encryption-technology-part-2,www.recordedfuture.com,article,3,ooxml_hyperlink|ooxml_text,,
https://www.resilience.org/stories/2006-05-17/what-expect-when-dollar-collapses-part-two-two,www.resilience.org,article,3,ooxml_hyperlink|ooxml_text,,
https://www.resolver.com/blog/mexican-cartels-propaganda-dsa-compliance,www.resolver.com,article,9,ooxml_hyperlink|ooxml_text,,
https://www.reuters.com/world/africa/us-military-completes-withdrawal-key-drone-base-niger-2024-08-05/https:/www.reuters.com/world/africa/us-military-completes-withdrawal-key-drone-base-niger-2024-08-05,www.reuters.com,article,6,ooxml_hyperlink|ooxml_text,,
https://www.reuters.com/world/middle-east/islamic-state-reactivating-fighters-eying-comeback-syria-iraq-2025-06-12,www.reuters.com,article,6,ooxml_hyperlink|ooxml_text,,
https://www.reuters.com/world/middle-east/turkey-arrests-suspected-istanbul-church-attack-planner-linked-islamic-state-2024-09-14,www.reuters.com,article,6,ooxml_hyperlink|ooxml_text,,
https://www.rferl.org/a/islamic-state-evolving-deadly-attacks-syria-iraq-somalia-iskp/33357688.html,www.rferl.org,article,6,ooxml_hyperlink|ooxml_text,,
http://www.safeaustin.org/online-safety-for-children-and-teens-sex-trafficking-recruitment?scrlybrkr=58e5c7c7,www.safeaustin.org,article,3,ooxml_hyperlink|ooxml_text,,
https://www.science.org/content/article/cutting-cartel-recruitment-could-be-only-way-reduce-mexico-s-violence,www.science.org,article,3,ooxml_hyperlink|ooxml_text,,
https://www.sciencedirect.com/science/article/pii/S0167404825002950,www.sciencedirect.com,article,3,ooxml_hyperlink|ooxml_text,,
https://www.securitycouncilreport.org/whatsinblue/2025/01/counter-terrorism-in-africa-open-debate.php,www.securitycouncilreport.org,article,6,ooxml_hyperlink|ooxml_text,,
https://www.standard.co.uk/topic/islamic-state,www.standard.co.uk,article,12,ooxml_hyperlink|ooxml_text,,
https://www.syriaweekly.com/p/in-2024-isiss-resurgence-in-syria,www.syriaweekly.com,article,6,ooxml_hyperlink|ooxml_text,,
https://www.tandfonline.com/doi/full/10.1080/23311886.2025.2479654,www.tandfonline.com,article,27,ooxml_hyperlink|ooxml_text,,
https://www.tandfonline.com/doi/full/10.1080/25765949.2025.2553258,www.tandfonline.com,article,3,ooxml_hyperlink|ooxml_text,,
https://www.techagainstterrorism.org/hubfs/TAT-Terrorist-use-of-E2EE-and-mitigation-strategies-report-.pdf,www.techagainstterrorism.org,document,3,ooxml_hyperlink|ooxml_text,,
https://www.techdirt.com/articles/20200623/17050744767/senators-launch-full-nuclear-war-against-encryption-bill-will-require-broken-encryption-putting-everyone-risk.shtml,www.techdirt.com,article,12,ooxml_hyperlink|ooxml_text,,
https://www.theatlantic.com/magazine/archive/2025/12/2026-midterms-trump-threat/684615,www.theatlantic.com,article,9,ooxml_hyperlink|ooxml_text,,
https://www.theguardian.com/business/2025/oct/06/nearly-a-third-of-bosses-report-increase-in-cyber-attacks-on-their-supply-chains,www.theguardian.com,article,18,ooxml_hyperlink|ooxml_text,,
https://www.theguardian.com/commentisfree/2015/sep/30/athens-affair-encryption-backdoors,www.theguardian.com,article,3,ooxml_hyperlink|ooxml_text,,
https://www.theguardian.com/us-news/2025/sep/02/trump-immigration-ice-israeli-spyware,www.theguardian.com,article,3,ooxml_hyperlink|ooxml_text,,
https://www.theguardian.com/world/2022/mar/14/two-guilty-of-james-bond-gun-plot-in-encrochat-conviction,www.theguardian.com,article,3,ooxml_hyperlink|ooxml_text,,
https://www.theregister.co.uk/2017/09/25/extremist_hackers_dubious_competence,www.theregister.co.uk,article,3,ooxml_hyperlink|ooxml_text,,
https://www.theregister.com/2025/10/28/openai_100gw_power_demand,www.theregister.com,article,3,ooxml_hyperlink|ooxml_text,,
https://www.thesslstore.com/blog/all-about-encryption-backdoors,www.thesslstore.com,article,3,ooxml_hyperlink|ooxml_text,,
https://www.thirdway.org/report/weakened-encryption-the-threat-to-americas-national-security,www.thirdway.org,article,6,ooxml_hyperlink|ooxml_text,,
https://www.ungeneva.org/en/news-media/meeting-summary/2023/03/morning-counter-terrorism-and-security-are-frequently-used-cover,www.ungeneva.org,article,3,ooxml_hyperlink|ooxml_text,,
http://www.uschamber.com/small-business/small-business-data-center,www.uschamber.com,article,6,ooxml_hyperlink|ooxml_text,,
https://www.usenix.org/system/files/conference/foci18/foci18-paper-abu-salma.pdf,www.usenix.org,document,9,ooxml_hyperlink|ooxml_text,,
https://www.usfunds.com/resource/the-case-for-investing-in-the-u-s-despite-global-economic-concerns,www.usfunds.com,article,3,ooxml_hyperlink|ooxml_text,,
https://www.utdulr.org/journal/how-9n9x9-dd2nc-ke76h,www.utdulr.org,article,3,ooxml_hyperlink|ooxml_text,,
http://www.vectra.ai/topics/backdoor,www.vectra.ai,article,6,ooxml_hyperlink|ooxml_text,,
https://www.vectra.ai/blog/takeaways-from-the-xz-utils-backdoor,www.vectra.ai,article,6,ooxml_hyperlink|ooxml_text,,
https://www.visionofhumanity.org/wp-content/uploads/2025/03/Global-Terrorism-Index-2025.pdf,www.visionofhumanity.org,document,6,ooxml_hyperlink|ooxml_text,,
https://www.vox.com/policy-and-politics/2019/1/8/18174768/trump-wall-opioid-epidemic-heroin,www.vox.com,article,3,ooxml_hyperlink|ooxml_text,,
https://www.vox.com/politics/464354/barbara-walter-charlie-kirk-gray-area-violence,www.vox.com,article,3,ooxml_hyperlink|ooxml_text,,
https://www.washingtoninstitute.org/policy-analysis/islamic-state-attacks-new-syrian-government,www.washingtoninstitute.org,article,6,ooxml_hyperlink|ooxml_text,,
https://www.washingtonpost.com/national-security/2024/11/21/salt-typhoon-china-hack-telecom,www.washingtonpost.com,article,9,ooxml_hyperlink|ooxml_text,,
https://www.washingtonpost.com/world/2022/02/03/syria-hasakah-isis-prison-attack,www.washingtonpost.com,article,6,ooxml_hyperlink|ooxml_text,,
https://www.washingtonpost.com/world/2025/02/16/trump-funding-freeze-terrorism-africa,www.washingtonpost.com,article,6,ooxml_hyperlink|ooxml_text,,
https://www.weforum.org/stories/2016/04/is-encryption-bad-for-the-economy,www.weforum.org,article,3,ooxml_hyperlink|ooxml_text,,
https://www.wired.com/story/q-day-apocalypse-quantum-computers-encryption,www.wired.com,article,3,ooxml_hyperlink|ooxml_text,,
https://www.wsj.com/world/europe/teenage-terrorists-are-a-growing-threat-to-europes-security-78f3c54b?gaa_at=eafs&gaa_n=ASWzDAi5RF7NzqGy1DjS2GuQwhVvjFWNAAltQBSFS7zPuLr-1B7VyODRKwv5T1rOqb8%3D&gaa_ts=6841e3c1&gaa_sig=xASO4fU_oeEKiLkvli-c9GMtmjEM0lL18RKpt5yiFAu11IVFDE7xIBW0GrzQkMdD9TBmabQ4L3rGTJoRyW0tDA%3D%3D,www.wsj.com,article,4,ooxml_hyperlink,,
https://www.youtube.com/watch?v=nRPjLEBn2j0,www.youtube.com,social,3,ooxml_hyperlink|ooxml_text,,
